n_held_out_pts,n_held_out_anomalies,Precision,Recall,F1,ROC-AUC,AUPR,Dataset,Condition,batch_idx
1340,117,0.08227848101265822,0.1111111111111111,0.09454545454545454,0.5322207546246794,0.09224529292324248,NYC-Taxi,Static (no FT),-1
1340,117,0.08227848101265822,0.1111111111111111,0.09454545454545454,0.5315218986519068,0.09211503783894148,NYC-Taxi,Naive continual,0
1340,117,0.08227848101265822,0.1111111111111111,0.09454545454545454,0.5311025850682433,0.09196314629219499,NYC-Taxi,Naive continual,1
1340,117,0.08227848101265822,0.1111111111111111,0.09454545454545454,0.5309069053958669,0.09195476748614678,NYC-Taxi,Naive continual,2
1340,117,0.07643312101910828,0.10256410256410256,0.08759124087591241,0.5303548091773767,0.09180717643380593,NYC-Taxi,Naive continual,3
1340,117,0.07643312101910828,0.10256410256410256,0.08759124087591241,0.5292576053001237,0.09147404977699732,NYC-Taxi,Naive continual,4
1340,117,0.07643312101910828,0.10256410256410256,0.08759124087591241,0.528411989573069,0.09136299273459574,NYC-Taxi,Naive continual,5
1340,117,0.07643312101910828,0.10256410256410256,0.08759124087591241,0.5273916598528209,0.09103646448851636,NYC-Taxi,Naive continual,6
1340,117,0.07692307692307693,0.10256410256410256,0.08791208791208792,0.5265670098049493,0.09085493460278438,NYC-Taxi,Naive continual,7
1340,117,0.07692307692307693,0.10256410256410256,0.08791208791208792,0.5255327029652459,0.09054451786244315,NYC-Taxi,Naive continual,8
1340,117,0.07643312101910828,0.10256410256410256,0.08759124087591241,0.5236318147193044,0.09004136012069716,NYC-Taxi,Naive continual,9
1340,117,0.08227848101265822,0.1111111111111111,0.09454545454545454,0.5315218986519068,0.09211495200073591,NYC-Taxi,Continual + Gemini,0
1340,117,0.08227848101265822,0.1111111111111111,0.09454545454545454,0.5312074134641591,0.09199229584135013,NYC-Taxi,Continual + Gemini,1
1340,117,0.08227848101265822,0.1111111111111111,0.09454545454545454,0.5310746308293324,0.09200389343292417,NYC-Taxi,Continual + Gemini,2
1340,117,0.07643312101910828,0.10256410256410256,0.08759124087591241,0.5304386718941092,0.09181770123417805,NYC-Taxi,Continual + Gemini,3
1340,117,0.07643312101910828,0.10256410256410256,0.08759124087591241,0.5293274908974009,0.09148211308387127,NYC-Taxi,Continual + Gemini,4
1340,117,0.07643312101910828,0.10256410256410256,0.08759124087591241,0.5284469323717075,0.09136415352208457,NYC-Taxi,Continual + Gemini,5
1340,117,0.07643312101910828,0.10256410256410256,0.08759124087591241,0.5276572251224745,0.09108789645798909,NYC-Taxi,Continual + Gemini,6
1340,117,0.07692307692307693,0.10256410256410256,0.08791208791208792,0.5270212661872514,0.09094169693676239,NYC-Taxi,Continual + Gemini,7
1340,117,0.07643312101910828,0.10256410256410256,0.08759124087591241,0.5258122453543549,0.09058376159405632,NYC-Taxi,Continual + Gemini,8
1340,117,0.07643312101910828,0.10256410256410256,0.08759124087591241,0.5238484600708639,0.09005058865478047,NYC-Taxi,Continual + Gemini,9
1340,117,0.08227848101265822,0.1111111111111111,0.09454545454545454,0.5312423562627977,0.09202846562241285,NYC-Taxi,Continual + Gemini + RL,0
1340,117,0.08227848101265822,0.1111111111111111,0.09454545454545454,0.5308160541194065,0.09189221183533904,NYC-Taxi,Continual + Gemini + RL,1
1340,117,0.08125,0.1111111111111111,0.09386281588447654,0.5305854316483916,0.09183937449662367,NYC-Taxi,Continual + Gemini + RL,2
1340,117,0.08125,0.1111111111111111,0.09386281588447654,0.5300892439077229,0.09170755893255508,NYC-Taxi,Continual + Gemini + RL,3
1340,117,0.08024691358024691,0.1111111111111111,0.0931899641577061,0.5300682782285399,0.09170960040257994,NYC-Taxi,Continual + Gemini + RL,4
1340,117,0.07975460122699386,0.1111111111111111,0.09285714285714286,0.5298516328769803,0.09166751257830998,NYC-Taxi,Continual + Gemini + RL,5
3238,11,0.0,0.0,0.0,0.7084542355692028,0.005854443692699488,NAB-machine_temperature_system_failure,Static (no FT),-1
3238,11,0.0,0.0,0.0,0.7077499507000591,0.0058412363012242865,NAB-machine_temperature_system_failure,Naive continual,0
3238,11,0.0,0.0,0.0,0.7075245795419332,0.005837659588670365,NAB-machine_temperature_system_failure,Naive continual,1
3238,11,0.0,0.0,0.0,0.7047074400653576,0.0057809025395129535,NAB-machine_temperature_system_failure,Naive continual,2
3238,11,0.0,0.0,0.0,0.7022847001155026,0.00573483974859154,NAB-machine_temperature_system_failure,Naive continual,3
3238,11,0.0,0.0,0.0,0.7023973856945657,0.00573686637563183,NAB-machine_temperature_system_failure,Naive continual,4
3238,11,0.0,0.0,0.0,0.7015522438515931,0.005720520488277914,NAB-machine_temperature_system_failure,Naive continual,5
3238,11,0.0,0.0,0.0,0.7018621291940164,0.005726511305022192,NAB-machine_temperature_system_failure,Naive continual,6
3238,11,0.0,0.0,0.0,0.7011296729301068,0.005712751313132328,NAB-machine_temperature_system_failure,Naive continual,7
3238,11,0.0,0.0,0.0,0.7009606445615123,0.005709406866874213,NAB-machine_temperature_system_failure,Naive continual,8
3238,11,0.0,0.0,0.0,0.7007352734033861,0.005705146116565352,NAB-machine_temperature_system_failure,Naive continual,9
3238,11,0.0,0.0,0.0,0.699946474349945,0.005689175916185476,NAB-machine_temperature_system_failure,Naive continual,10
3238,11,0.0,0.0,0.0,0.6995802462179902,0.005681818616090616,NAB-machine_temperature_system_failure,Naive continual,11
3238,11,0.0,0.0,0.0,0.7002281882976025,0.005694985260268293,NAB-machine_temperature_system_failure,Naive continual,12
3238,11,0.0,0.0,0.0,0.6990449897174409,0.005673432472885008,NAB-machine_temperature_system_failure,Naive continual,13
3238,11,0.0,0.0,0.0,0.6983688762430628,0.0056605362003308915,NAB-machine_temperature_system_failure,Naive continual,14
3238,11,0.0,0.0,0.0,0.6945093951601544,0.005587734330167025,NAB-machine_temperature_system_failure,Naive continual,15
3238,11,0.0,0.0,0.0,0.6909597994196692,0.005524793107901559,NAB-machine_temperature_system_failure,Naive continual,16
3238,11,0.0,0.0,0.0,0.691438713130687,0.005532901399224251,NAB-machine_temperature_system_failure,Naive continual,17
3238,11,0.0,0.0,0.0,0.6902836859452911,0.005511811983916106,NAB-machine_temperature_system_failure,Naive continual,18
3238,11,0.0,0.0,0.0,0.6906780854720117,0.005518957279452943,NAB-machine_temperature_system_failure,Naive continual,19
3238,11,0.0,0.0,0.0,0.689832943629039,0.005503603881824934,NAB-machine_temperature_system_failure,Naive continual,20
3238,11,0.0,0.0,0.0,0.6891568301546609,0.0054920047724649765,NAB-machine_temperature_system_failure,Naive continual,21
3238,11,0.0,0.0,0.0,0.6887060878384089,0.005483578399357285,NAB-machine_temperature_system_failure,Naive continual,22
3238,11,0.0,0.0,0.0,0.6871566611262923,0.005457657522370162,NAB-machine_temperature_system_failure,Naive continual,23
3238,11,0.0,0.0,0.0,0.6867622615995718,0.005450691591271715,NAB-machine_temperature_system_failure,Naive continual,24
3238,11,0.0,0.0,0.0,0.6876074034425445,0.005465322801048008,NAB-machine_temperature_system_failure,Naive continual,25
3238,11,0.0,0.0,0.0,0.7078908076738879,0.005843856162441864,NAB-machine_temperature_system_failure,Continual + Gemini,0
3238,11,0.0,0.0,0.0,0.7077217793052935,0.005841182498571912,NAB-machine_temperature_system_failure,Continual + Gemini,1
3238,11,0.0,0.0,0.0,0.7052426965659071,0.005791337304008349,NAB-machine_temperature_system_failure,Continual + Gemini,2
3238,11,0.0,0.0,0.0,0.702594585457926,0.005740313628593882,NAB-machine_temperature_system_failure,Continual + Gemini,3
3238,11,0.0,0.0,0.0,0.7026790996422232,0.005741838744414705,NAB-machine_temperature_system_failure,Continual + Gemini,4
3238,11,0.0,0.0,0.0,0.7023692142997999,0.005736382611795782,NAB-machine_temperature_system_failure,Continual + Gemini,5
3238,11,0.0,0.0,0.0,0.7027917852212863,0.005744335580736573,NAB-machine_temperature_system_failure,Continual + Gemini,6
3238,11,0.0,0.0,0.0,0.7022001859312054,0.005733758234646554,NAB-machine_temperature_system_failure,Continual + Gemini,7
3238,11,0.0,0.0,0.0,0.7018339577992507,0.005726730907692221,NAB-machine_temperature_system_failure,Continual + Gemini,8
3238,11,0.0,0.0,0.0,0.7011860157196383,0.005714343219331479,NAB-machine_temperature_system_failure,Continual + Gemini,9
3238,11,0.0,0.0,0.0,0.7003972166661971,0.005698817628716541,NAB-machine_temperature_system_failure,Continual + Gemini,10
3238,11,0.0,0.0,0.0,0.7001155027185395,0.00569274694196191,NAB-machine_temperature_system_failure,Continual + Gemini,11
3238,11,0.0,0.0,0.0,0.7009324731667466,0.005708974173749151,NAB-machine_temperature_system_failure,Continual + Gemini,12
3238,11,0.0,0.0,0.0,0.7002000169028368,0.005694759267772004,NAB-machine_temperature_system_failure,Continual + Gemini,13
3238,11,0.0,0.0,0.0,0.6996365890075218,0.005684338300847917,NAB-machine_temperature_system_failure,Continual + Gemini,14
3238,11,0.0,0.0,0.0,0.6963405358199285,0.0056217341994217705,NAB-machine_temperature_system_failure,Continual + Gemini,15
3238,11,0.0,0.0,0.0,0.692368369157957,0.005549522237945722,NAB-machine_temperature_system_failure,Continual + Gemini,16
3238,11,0.0,0.0,0.0,0.692368369157957,0.005549609565577136,NAB-machine_temperature_system_failure,Continual + Gemini,17
3238,11,0.0,0.0,0.0,0.6918894554469391,0.005541765022671112,NAB-machine_temperature_system_failure,Continual + Gemini,18
3238,11,0.0,0.0,0.0,0.6925092261317858,0.005552048637580228,NAB-machine_temperature_system_failure,Continual + Gemini,19
3238,11,0.0,0.0,0.0,0.6916640842888131,0.0055366080896016925,NAB-machine_temperature_system_failure,Continual + Gemini,20
3238,11,0.0,0.0,0.0,0.6910161422092008,0.005525971613129306,NAB-machine_temperature_system_failure,Continual + Gemini,21
3238,11,0.0,0.0,0.0,0.6901710003662281,0.005509918121292409,NAB-machine_temperature_system_failure,Continual + Gemini,22
3238,11,0.0,0.0,0.0,0.6885652308645801,0.00548180179177314,NAB-machine_temperature_system_failure,Continual + Gemini,23
3238,11,0.0,0.0,0.0,0.6883398597064541,0.005478229428729777,NAB-machine_temperature_system_failure,Continual + Gemini,24
3238,11,0.0,0.0,0.0,0.6895512296813815,0.005499265587886725,NAB-machine_temperature_system_failure,Continual + Gemini,25
3238,11,0.0,0.0,0.0,0.7075527509366988,0.005837397644737027,NAB-machine_temperature_system_failure,Continual + Gemini + RL,0
3238,11,0.0,0.0,0.0,0.7071301800152126,0.005830694905587255,NAB-machine_temperature_system_failure,Continual + Gemini + RL,1
3238,11,0.0,0.0,0.0,0.7064540665408344,0.005816744580068609,NAB-machine_temperature_system_failure,Continual + Gemini + RL,2
3238,11,0.0,0.0,0.0,0.7062286953827085,0.005812246574884278,NAB-machine_temperature_system_failure,Continual + Gemini + RL,3
3238,11,0.0,0.0,0.0,0.7054117249345015,0.005795852785971769,NAB-machine_temperature_system_failure,Continual + Gemini + RL,4
3238,11,0.0,0.0,0.0,0.7049328112234836,0.005786067600368987,NAB-machine_temperature_system_failure,Continual + Gemini + RL,5
3238,11,0.0,0.0,0.0,0.7049046398287179,0.005785560837886283,NAB-machine_temperature_system_failure,Continual + Gemini + RL,6
3238,11,0.0,0.0,0.0,0.7039468124066821,0.005766604886030369,NAB-machine_temperature_system_failure,Continual + Gemini + RL,7
3238,11,0.0,0.0,0.0,0.7031580133532411,0.005751876261576854,NAB-machine_temperature_system_failure,Continual + Gemini + RL,8
3238,11,0.0,0.0,0.0,0.7022283573259713,0.005733802043225737,NAB-machine_temperature_system_failure,Continual + Gemini + RL,9
3238,11,0.0,0.0,0.0,0.7020029861678452,0.0057289817995702964,NAB-machine_temperature_system_failure,Continual + Gemini + RL,10
3238,11,0.0,0.0,0.0,0.7021720145364397,0.005732378065301616,NAB-machine_temperature_system_failure,Continual + Gemini + RL,11
3238,11,0.0,0.0,0.0,0.7015522438515932,0.0057204894438286115,NAB-machine_temperature_system_failure,Continual + Gemini + RL,12
864,10,0.0,0.0,0.0,0.20269320843091335,0.007495287797015422,NAB-ambient_temperature_system_failure,Static (no FT),-1
864,10,0.0,0.0,0.0,0.20351288056206088,0.007502759254195622,NAB-ambient_temperature_system_failure,Naive continual,0
864,10,0.0,0.0,0.0,0.20327868852459016,0.007499983821531292,NAB-ambient_temperature_system_failure,Naive continual,1
864,10,0.0,0.0,0.0,0.2022248243559719,0.007491920510338222,NAB-ambient_temperature_system_failure,Naive continual,2
864,10,0.0,0.0,0.0,0.20210772833723653,0.007489982980054207,NAB-ambient_temperature_system_failure,Naive continual,3
864,10,0.0,0.0,0.0,0.20163934426229507,0.007484125938667782,NAB-ambient_temperature_system_failure,Naive continual,4
864,10,0.0,0.0,0.0,0.19988290398126465,0.007472115843136602,NAB-ambient_temperature_system_failure,Naive continual,5
864,10,0.0,0.0,0.0,0.20339578454332552,0.00750174015110825,NAB-ambient_temperature_system_failure,Continual + Gemini,0
864,10,0.0,0.0,0.0,0.20316159250585478,0.007499958528725205,NAB-ambient_temperature_system_failure,Continual + Gemini,1
864,10,0.0,0.0,0.0,0.20222482435597192,0.007491646867443705,NAB-ambient_temperature_system_failure,Continual + Gemini,2
864,10,0.0,0.0,0.0,0.20187353629976582,0.007487130303902457,NAB-ambient_temperature_system_failure,Continual + Gemini,3
864,10,0.0,0.0,0.0,0.20093676814988293,0.0074782570306388355,NAB-ambient_temperature_system_failure,Continual + Gemini,4
864,10,0.0,0.0,0.0,0.1990632318501171,0.007464559364362782,NAB-ambient_temperature_system_failure,Continual + Gemini,5
864,10,0.0,0.0,0.0,0.20245901639344263,0.00749356923734584,NAB-ambient_temperature_system_failure,Continual + Gemini + RL,0
864,10,0.0,0.0,0.0,0.2022248243559719,0.0074911246511691785,NAB-ambient_temperature_system_failure,Continual + Gemini + RL,1
864,10,0.0,0.0,0.0,0.20152224824355972,0.007485275940588829,NAB-ambient_temperature_system_failure,Continual + Gemini + RL,2
864,10,0.0,0.0,0.0,0.20163934426229507,0.007485382417461107,NAB-ambient_temperature_system_failure,Continual + Gemini + RL,3
